{
	"nome": "Torino",
	"codice": "001272",
	"zona": {
		"codice": "1",
		"nome": "Nord-ovest"
	},
	"regione": {
		"codice": "01",
		"nome": "Piemonte"
	},
	"provincia": {
		"codice": "001",
		"nome": "Torino"
	},
	"sigla": "TO",
	"codiceCatastale": "L219",
	"cap": [
		"10121",
		"10122",
		"10123",
		"10124",
		"10125",
		"10126",
		"10127",
		"10128",
		"10129",
		"10130",
		"10131",
		"10132",
		"10133",
		"10134",
		"10135",
		"10136",
		"10137",
		"10138",
		"10139",
		"10140",
		"10141",
		"10142",
		"10143",
		"10144",
		"10145",
		"10146",
		"10147",
		"10148",
		"10149",
		"10150",
		"10151",
		"10152",
		"10153",
		"10154",
		"10155",
		"10156"
	],
	"popolazione": 872367
}
